condition,seed,partition,n,accuracy,precision,recall,f1,fpr,tn,fp,fn,tp,brier_score,roc_auc,average_precision
random_forest/url_only/baseline,4941401,train,3461,0.9936434556486564,0.9891984081864695,0.9982788296041308,0.9937178754997145,0.011059371362048894,1699.0,19.0,3.0,1740.0,0.014947199319547718,0.9997982951262893,0.9997938989814474
random_forest/url_only/baseline,4941401,validation,742,0.8530997304582211,0.8666666666666667,0.8364611260053619,0.8512960436562074,0.13008130081300814,321.0,48.0,61.0,312.0,0.11530378936184761,0.9085456672261093,0.8854642671917202
random_forest/url_only/baseline,4941402,train,3461,0.9936434556486564,0.9891984081864695,0.9982788296041308,0.9937178754997145,0.011059371362048894,1699.0,19.0,3.0,1740.0,0.015178907345941005,0.9997779242698384,0.9997726946770834
random_forest/url_only/baseline,4941402,validation,742,0.8530997304582211,0.8626373626373627,0.8418230563002681,0.8521031207598372,0.13550135501355012,319.0,50.0,59.0,314.0,0.11430070789823116,0.9104092649505584,0.8871999299936494
random_forest/url_only/baseline,4941403,train,3461,0.9933545218145045,0.989749430523918,0.9971313826735514,0.9934266933409546,0.010477299185098952,1700.0,18.0,5.0,1738.0,0.015064558561357749,0.9997872748268978,0.9997826132917905
random_forest/url_only/baseline,4941403,validation,742,0.8477088948787062,0.8571428571428571,0.8364611260053619,0.8466757123473542,0.14092140921409213,317.0,52.0,61.0,312.0,0.11567535190968295,0.9080734104928181,0.8879093696847344
random_forest/url_only/baseline,4941404,train,3461,0.9936434556486564,0.9908727895037079,0.9965576592082617,0.9937070938215103,0.009313154831199068,1702.0,16.0,6.0,1737.0,0.01500529850768841,0.9998383689422583,0.9998339759860656
random_forest/url_only/baseline,4941404,validation,742,0.8530997304582211,0.8626373626373627,0.8418230563002681,0.8521031207598372,0.13550135501355012,319.0,50.0,59.0,314.0,0.115078121281916,0.910085950725459,0.8948583211654731
random_forest/url_only/baseline,4941405,train,3461,0.9936434556486564,0.9886428165814878,0.9988525530694206,0.9937214611872146,0.011641443538998836,1698.0,20.0,2.0,1741.0,0.014958158980769153,0.9997932858992932,0.9997879871528705
random_forest/url_only/baseline,4941405,validation,742,0.8477088948787062,0.8611111111111112,0.8310991957104558,0.8458390177353342,0.13550135501355012,319.0,50.0,63.0,310.0,0.11356381816322542,0.9113029199997094,0.8941715286562348
random_forest/dom_only/baseline,4941401,train,3461,0.9991331984975441,0.9982817869415808,1.0,0.999140154772141,0.0017462165308498253,1715.0,3.0,0.0,1743.0,0.011388883995055155,0.9997082960145922,0.999669231941129
random_forest/dom_only/baseline,4941401,validation,742,0.8800539083557951,0.8858695652173914,0.8739946380697051,0.8798920377867746,0.11382113821138211,327.0,42.0,47.0,326.0,0.09234774428401596,0.948600303697407,0.9522861209579493
random_forest/dom_only/baseline,4941402,train,3461,0.9991331984975441,0.9982817869415808,1.0,0.999140154772141,0.0017462165308498253,1715.0,3.0,0.0,1743.0,0.011350724805250312,0.9997133052415883,0.9996797360923588
random_forest/dom_only/baseline,4941402,validation,742,0.8840970350404312,0.8867924528301887,0.8820375335120644,0.8844086021505376,0.11382113821138211,327.0,42.0,44.0,329.0,0.09272385415462998,0.9478047327390164,0.9520204279534441
random_forest/dom_only/baseline,4941403,train,3461,0.9991331984975441,0.9982817869415808,1.0,0.999140154772141,0.0017462165308498253,1715.0,3.0,0.0,1743.0,0.011261710591154977,0.99973267425264,0.999703398937076
random_forest/dom_only/baseline,4941403,validation,742,0.871967654986523,0.8756756756756757,0.868632707774799,0.8721399730820996,0.12466124661246612,323.0,46.0,49.0,324.0,0.09595904790944579,0.9438850018526995,0.948861586624958
random_forest/dom_only/baseline,4941404,train,3461,0.9991331984975441,0.9982817869415808,1.0,0.999140154772141,0.0017462165308498253,1715.0,3.0,0.0,1743.0,0.011405878076603121,0.9997503735213596,0.9997227240557885
random_forest/dom_only/baseline,4941404,validation,742,0.8800539083557951,0.8756613756613757,0.8873994638069705,0.881491344873502,0.12737127371273713,322.0,47.0,42.0,331.0,0.09419223865825474,0.9467730334139802,0.9513739873929683
random_forest/dom_only/baseline,4941405,train,3461,0.9991331984975441,0.9982817869415808,1.0,0.999140154772141,0.0017462165308498253,1715.0,3.0,0.0,1743.0,0.011500229356064429,0.9997370155827033,0.9997076370941479
random_forest/dom_only/baseline,4941405,validation,742,0.8706199460916442,0.8753387533875339,0.8659517426273459,0.8706199460916442,0.12466124661246612,323.0,46.0,50.0,323.0,0.09238521027889765,0.9489817418281421,0.9527625824004262
random_forest/url_dom/baseline,4941401,train,3461,1.0,1.0,1.0,1.0,0.0,1718.0,0.0,0.0,1743.0,0.007598786477896562,1.0,1.0
random_forest/url_dom/baseline,4941401,validation,742,0.9137466307277629,0.9279778393351801,0.8981233243967829,0.9128065395095368,0.07046070460704607,343.0,26.0,38.0,335.0,0.07376549865229112,0.9623429746361807,0.9645349532196785
random_forest/url_dom/baseline,4941402,train,3461,1.0,1.0,1.0,1.0,0.0,1718.0,0.0,0.0,1743.0,0.007802571511123952,1.0,1.0
random_forest/url_dom/baseline,4941402,validation,742,0.9016172506738545,0.9213483146067416,0.8793565683646113,0.8998628257887518,0.07588075880758807,341.0,28.0,45.0,328.0,0.074905525606469,0.9604466822148114,0.9620272339905506
random_forest/url_dom/baseline,4941403,train,3461,1.0,1.0,1.0,1.0,0.0,1718.0,0.0,0.0,1743.0,0.007606240970817683,1.0,1.0
random_forest/url_dom/baseline,4941403,validation,742,0.9070080862533693,0.919889502762431,0.8927613941018767,0.9061224489795918,0.07859078590785908,340.0,29.0,40.0,333.0,0.07434892183288408,0.9624047312859187,0.9632108197463707
random_forest/url_dom/baseline,4941404,train,3461,1.0,1.0,1.0,1.0,0.0,1718.0,0.0,0.0,1743.0,0.0075537705865356825,1.0,1.0
random_forest/url_dom/baseline,4941404,validation,742,0.9016172506738545,0.9120879120879121,0.8900804289544236,0.9009497964721845,0.08672086720867209,337.0,32.0,41.0,332.0,0.07506037735849058,0.962393833053612,0.9638461405233156
random_forest/url_dom/baseline,4941405,train,3461,1.0,1.0,1.0,1.0,0.0,1718.0,0.0,0.0,1743.0,0.007681508234614273,1.0,1.0
random_forest/url_dom/baseline,4941405,validation,742,0.9123989218328841,0.925414364640884,0.8981233243967829,0.9115646258503401,0.07317073170731707,342.0,27.0,38.0,335.0,0.07239986522911052,0.964133917478585,0.9642738231113753
random_forest/url_only/no_https,4941401,train,3461,0.9936434556486564,0.9891984081864695,0.9982788296041308,0.9937178754997145,0.011059371362048894,1699.0,19.0,3.0,1740.0,0.015541977206804043,0.9997962914354909,0.9997916085514863
random_forest/url_only/no_https,4941401,validation,742,0.8423180592991913,0.8555555555555555,0.8257372654155496,0.8403819918144612,0.14092140921409213,317.0,52.0,65.0,308.0,0.12192987806405131,0.8963759744836054,0.8717013112256593
random_forest/url_only/no_https,4941402,train,3461,0.9936434556486564,0.9891984081864695,0.9982788296041308,0.9937178754997145,0.011059371362048894,1699.0,19.0,3.0,1740.0,0.015627555876936195,0.9997602250011187,0.9997545760931041
random_forest/url_only/no_https,4941402,validation,742,0.8450134770889488,0.856353591160221,0.8310991957104558,0.8435374149659864,0.14092140921409213,317.0,52.0,63.0,310.0,0.12142565539286869,0.8992385768361705,0.8714895139094734
random_forest/url_only/no_https,4941403,train,3461,0.9933545218145045,0.9903078677309008,0.9965576592082617,0.99342293394338,0.00989522700814901,1701.0,17.0,6.0,1737.0,0.015501382420278398,0.999773582939775,0.9997690957895744
random_forest/url_only/no_https,4941403,validation,742,0.8409703504043127,0.8512396694214877,0.8284182305630027,0.8396739130434783,0.14634146341463414,315.0,54.0,64.0,309.0,0.12258636387626579,0.8956857531041799,0.8656593350821015
random_forest/url_only/no_https,4941404,train,3461,0.9936434556486564,0.9908727895037079,0.9965576592082617,0.9937070938215103,0.009313154831199068,1702.0,16.0,6.0,1737.0,0.015534822345143766,0.9998350294575942,0.999830466551951
random_forest/url_only/no_https,4941404,validation,742,0.8463611859838275,0.8587257617728532,0.8310991957104558,0.8446866485013624,0.13821138211382114,318.0,51.0,63.0,310.0,0.12194983921652919,0.8971751781860983,0.8800620111526347
random_forest/url_only/no_https,4941405,train,3461,0.9936434556486564,0.9891984081864695,0.9982788296041308,0.9937178754997145,0.011059371362048894,1699.0,19.0,3.0,1740.0,0.015550403439963313,0.9997795940121704,0.9997739421738957
random_forest/url_only/no_https,4941405,validation,742,0.8463611859838275,0.8627450980392157,0.8257372654155496,0.8438356164383561,0.13279132791327913,320.0,49.0,65.0,308.0,0.12146357770281167,0.8987408908941636,0.8741036037469267
random_forest/url_dom/no_https,4941401,train,3461,1.0,1.0,1.0,1.0,0.0,1718.0,0.0,0.0,1743.0,0.007910372724646056,1.0,1.0
random_forest/url_dom/no_https,4941401,validation,742,0.9043126684636119,0.9194444444444444,0.8873994638069705,0.903137789904502,0.07859078590785908,340.0,29.0,42.0,331.0,0.07927169811320754,0.956701323045402,0.9595801704877707
random_forest/url_dom/no_https,4941402,train,3461,1.0,1.0,1.0,1.0,0.0,1718.0,0.0,0.0,1743.0,0.008092083212944235,1.0,1.0
random_forest/url_dom/no_https,4941402,validation,742,0.9029649595687331,0.9168975069252078,0.8873994638069705,0.9019073569482289,0.08130081300813008,339.0,30.0,42.0,331.0,0.07931482479784367,0.9590008500621199,0.9604246200762717
random_forest/url_dom/no_https,4941403,train,3461,1.0,1.0,1.0,1.0,0.0,1718.0,0.0,0.0,1743.0,0.007899479919098526,1.0,1.0
random_forest/url_dom/no_https,4941403,validation,742,0.9056603773584906,0.9220055710306406,0.8873994638069705,0.9043715846994536,0.07588075880758807,341.0,28.0,42.0,331.0,0.07937385444743937,0.9564906238874721,0.9576236106523238
random_forest/url_dom/no_https,4941404,train,3461,1.0,1.0,1.0,1.0,0.0,1718.0,0.0,0.0,1743.0,0.00795065010112684,1.0,1.0
random_forest/url_dom/no_https,4941404,validation,742,0.9016172506738545,0.914364640883978,0.8873994638069705,0.9006802721088435,0.08401084010840108,338.0,31.0,42.0,331.0,0.07757574123989218,0.9587429252308609,0.9613948654018497
random_forest/url_dom/no_https,4941405,train,3461,1.0,1.0,1.0,1.0,0.0,1718.0,0.0,0.0,1743.0,0.008002542617740535,1.0,1.0
random_forest/url_dom/no_https,4941405,validation,742,0.9002695417789758,0.9095890410958904,0.8900804289544236,0.8997289972899729,0.08943089430894309,336.0,33.0,41.0,332.0,0.07834743935309973,0.9587974163923945,0.9597704515671369
random_forest/url_only/hostname_only,4941401,train,3461,0.7246460560531638,0.7199331848552338,0.7418244406196214,0.7307148912122068,0.2927823050058207,1215.0,503.0,450.0,1293.0,0.17504632702770587,0.8134305056580888,0.8250583309520136
random_forest/url_only/hostname_only,4941401,validation,742,0.6967654986522911,0.6887755102040817,0.7238605898123325,0.7058823529411765,0.33062330623306235,247.0,122.0,103.0,270.0,0.19761918978323592,0.766018585118827,0.7490607199104309
random_forest/url_only/hostname_only,4941402,train,3461,0.7246460560531638,0.7196885428253615,0.7423981640849111,0.7308669867269133,0.29336437718277064,1214.0,504.0,449.0,1294.0,0.17509146527365455,0.8133423432629571,0.8249878588466912
random_forest/url_only/hostname_only,4941402,validation,742,0.6954177897574124,0.6879795396419437,0.7211796246648794,0.7041884816753927,0.33062330623306235,247.0,122.0,104.0,269.0,0.19784613582930638,0.7657098018701367,0.7503504268051164
random_forest/url_only/hostname_only,4941403,train,3461,0.7246460560531638,0.720917225950783,0.7395295467584624,0.7301047861795525,0.290454016298021,1219.0,499.0,454.0,1289.0,0.1750492982047197,0.8133420093144906,0.82478601128069
random_forest/url_only/hostname_only,4941403,validation,742,0.6967654986522911,0.6887755102040817,0.7238605898123325,0.7058823529411765,0.33062330623306235,247.0,122.0,103.0,270.0,0.1967374990768014,0.7684343599468166,0.7520922917813717
random_forest/url_only/hostname_only,4941404,train,3461,0.7246460560531638,0.7192008879023307,0.7435456110154905,0.7311706629055007,0.29452852153667053,1212.0,506.0,447.0,1296.0,0.17505811007516808,0.8134098008531715,0.8250105012299375
random_forest/url_only/hostname_only,4941404,validation,742,0.6967654986522911,0.6878172588832487,0.7265415549597856,0.7066492829204694,0.3333333333333333,246.0,123.0,102.0,271.0,0.19716935907388475,0.7673990278776782,0.7429882681956982
random_forest/url_only/hostname_only,4941405,train,3461,0.7246460560531638,0.7196885428253615,0.7423981640849111,0.7308669867269133,0.29336437718277064,1214.0,504.0,449.0,1294.0,0.17509122686375445,0.8133002657561895,0.8248438590925072
random_forest/url_only/hostname_only,4941405,validation,742,0.6913746630727763,0.6846153846153846,0.7158176943699732,0.6998689384010485,0.3333333333333333,246.0,123.0,106.0,267.0,0.1978572872700916,0.7650123150025065,0.7479740036620212
random_forest/url_dom/hostname_only,4941401,train,3461,1.0,1.0,1.0,1.0,0.0,1718.0,0.0,0.0,1743.0,0.00959193874602716,1.0,1.0
random_forest/url_dom/hostname_only,4941401,validation,742,0.894878706199461,0.8933333333333333,0.8981233243967829,0.8957219251336899,0.10840108401084012,329.0,40.0,38.0,335.0,0.08784636118598381,0.950053401338303,0.9564467265000427
random_forest/url_dom/hostname_only,4941402,train,3461,1.0,1.0,1.0,1.0,0.0,1718.0,0.0,0.0,1743.0,0.010149407685639987,1.0,1.0
random_forest/url_dom/hostname_only,4941402,validation,742,0.8867924528301887,0.889487870619946,0.8847184986595175,0.8870967741935484,0.1111111111111111,328.0,41.0,43.0,330.0,0.08840660377358489,0.9506273749064569,0.9565823129091919
random_forest/url_dom/hostname_only,4941403,train,3461,1.0,1.0,1.0,1.0,0.0,1718.0,0.0,0.0,1743.0,0.009688153712799767,1.0,1.0
random_forest/url_dom/hostname_only,4941403,validation,742,0.8881401617250674,0.8877005347593583,0.8900804289544236,0.8888888888888888,0.11382113821138211,327.0,42.0,41.0,332.0,0.08605080862533693,0.9548776855060775,0.959440881088525
random_forest/url_dom/hostname_only,4941404,train,3461,1.0,1.0,1.0,1.0,0.0,1718.0,0.0,0.0,1743.0,0.009944524703842815,1.0,1.0
random_forest/url_dom/hostname_only,4941404,validation,742,0.8854447439353099,0.8934426229508197,0.8766756032171582,0.8849797023004059,0.10569105691056911,330.0,39.0,46.0,327.0,0.08717035040431266,0.9537842295313034,0.9584313699517736
random_forest/url_dom/hostname_only,4941405,train,3461,1.0,1.0,1.0,1.0,0.0,1718.0,0.0,0.0,1743.0,0.010098468650678993,1.0,1.0
random_forest/url_dom/hostname_only,4941405,validation,742,0.8935309973045822,0.8868421052631579,0.903485254691689,0.8950863213811421,0.11653116531165311,326.0,43.0,36.0,337.0,0.08706576819407007,0.9532756453569897,0.9570772814261372
gradient_boosting/url_only/baseline,4941401,train,3461,0.9043629008956949,0.8988700564971751,0.912794033275961,0.90577853686308,0.10419091967403958,1539.0,179.0,152.0,1591.0,0.07419674771746207,0.9635329944424296,0.964123353861302
gradient_boosting/url_only/baseline,4941401,validation,742,0.8638814016172507,0.8655913978494624,0.8632707774798928,0.8644295302013423,0.13550135501355012,319.0,50.0,51.0,322.0,0.10698125922256164,0.9222374797474516,0.9295925675532791
gradient_boosting/url_only/baseline,4941402,train,3461,0.9043629008956949,0.8988700564971751,0.912794033275961,0.90577853686308,0.10419091967403958,1539.0,179.0,152.0,1591.0,0.07419674771746207,0.9635329944424296,0.964123353861302
gradient_boosting/url_only/baseline,4941402,validation,742,0.8638814016172507,0.8655913978494624,0.8632707774798928,0.8644295302013423,0.13550135501355012,319.0,50.0,51.0,322.0,0.10696398337369586,0.922288338164883,0.9296477621510219
gradient_boosting/url_only/baseline,4941403,train,3461,0.9043629008956949,0.8988700564971751,0.912794033275961,0.90577853686308,0.10419091967403958,1539.0,179.0,152.0,1591.0,0.07419674771746207,0.9635329944424296,0.964123353861302
gradient_boosting/url_only/baseline,4941403,validation,742,0.8638814016172507,0.8655913978494624,0.8632707774798928,0.8644295302013423,0.13550135501355012,319.0,50.0,51.0,322.0,0.10698125270948697,0.9222374797474516,0.9295925675532791
gradient_boosting/url_only/baseline,4941404,train,3461,0.9043629008956949,0.8988700564971751,0.912794033275961,0.90577853686308,0.10419091967403958,1539.0,179.0,152.0,1591.0,0.07419674771746207,0.9635329944424296,0.964123353861302
gradient_boosting/url_only/baseline,4941404,validation,742,0.8638814016172507,0.8655913978494624,0.8632707774798928,0.8644295302013423,0.13550135501355012,319.0,50.0,51.0,322.0,0.10696396477063635,0.922288338164883,0.9296477621510219
gradient_boosting/url_only/baseline,4941405,train,3461,0.9043629008956949,0.8988700564971751,0.912794033275961,0.90577853686308,0.10419091967403958,1539.0,179.0,152.0,1591.0,0.07419674771746207,0.9635329944424296,0.964123353861302
gradient_boosting/url_only/baseline,4941405,validation,742,0.8638814016172507,0.8655913978494624,0.8632707774798928,0.8644295302013423,0.13550135501355012,319.0,50.0,51.0,322.0,0.10697687559369762,0.9222374797474516,0.929592526671306
gradient_boosting/dom_only/baseline,4941401,train,3461,0.9086969084079746,0.8997198879551821,0.9213998852553069,0.9104308390022676,0.10419091967403958,1539.0,179.0,137.0,1606.0,0.07073263834384434,0.9680015588714412,0.9684337252240977
gradient_boosting/dom_only/baseline,4941401,validation,742,0.8638814016172507,0.8578947368421053,0.8739946380697051,0.8658698539176627,0.14634146341463414,315.0,54.0,47.0,326.0,0.10176567816027556,0.936096398497497,0.936952447398054
gradient_boosting/dom_only/baseline,4941402,train,3461,0.9086969084079746,0.8997198879551821,0.9213998852553069,0.9104308390022676,0.10419091967403958,1539.0,179.0,137.0,1606.0,0.07073263834384434,0.9680015588714412,0.9684337252240977
gradient_boosting/dom_only/baseline,4941402,validation,742,0.8638814016172507,0.8578947368421053,0.8739946380697051,0.8658698539176627,0.14634146341463414,315.0,54.0,47.0,326.0,0.10184776259354897,0.9358493718985447,0.9367496606975778
gradient_boosting/dom_only/baseline,4941403,train,3461,0.9086969084079746,0.8997198879551821,0.9213998852553069,0.9104308390022676,0.10419091967403958,1539.0,179.0,137.0,1606.0,0.07073263834384434,0.9680015588714412,0.9684337252240977
gradient_boosting/dom_only/baseline,4941403,validation,742,0.8638814016172507,0.8578947368421053,0.8739946380697051,0.8658698539176627,0.14634146341463414,315.0,54.0,47.0,326.0,0.1018694786069971,0.9358493718985447,0.9367496606975778
gradient_boosting/dom_only/baseline,4941404,train,3461,0.9086969084079746,0.8997198879551821,0.9213998852553069,0.9104308390022676,0.10419091967403958,1539.0,179.0,137.0,1606.0,0.07073263834384434,0.9680015588714412,0.9684337252240977
gradient_boosting/dom_only/baseline,4941404,validation,742,0.8638814016172507,0.8578947368421053,0.8739946380697051,0.8658698539176627,0.14634146341463414,315.0,54.0,47.0,326.0,0.10182201418638433,0.9359220267805896,0.9368555988849534
gradient_boosting/dom_only/baseline,4941405,train,3461,0.9086969084079746,0.8997198879551821,0.9213998852553069,0.9104308390022676,0.10419091967403958,1539.0,179.0,137.0,1606.0,0.07073263834384434,0.9680015588714412,0.9684337252240977
gradient_boosting/dom_only/baseline,4941405,validation,742,0.8638814016172507,0.8578947368421053,0.8739946380697051,0.8658698539176627,0.14634146341463414,315.0,54.0,47.0,326.0,0.10188967552085461,0.9358348409221358,0.9367412476405894
gradient_boosting/url_dom/baseline,4941401,train,3461,0.9546373880381392,0.9526255707762558,0.9575444635685599,0.9550786838340486,0.04831199068684517,1635.0,83.0,74.0,1669.0,0.03585135706147502,0.991968038460177,0.9921317372824326
gradient_boosting/url_dom/baseline,4941401,validation,742,0.9056603773584906,0.9243697478991597,0.8847184986595175,0.9041095890410958,0.07317073170731707,342.0,27.0,43.0,330.0,0.07386270401311612,0.9542710172410035,0.9605024659426784
gradient_boosting/url_dom/baseline,4941402,train,3461,0.9546373880381392,0.9526255707762558,0.9575444635685599,0.9550786838340486,0.04831199068684517,1635.0,83.0,74.0,1669.0,0.03585135706147502,0.991968038460177,0.9921317372824326
gradient_boosting/url_dom/baseline,4941402,validation,742,0.9056603773584906,0.9243697478991597,0.8847184986595175,0.9041095890410958,0.07317073170731707,342.0,27.0,43.0,330.0,0.07387010248592144,0.9542419552881856,0.9604540607879386
gradient_boosting/url_dom/baseline,4941403,train,3461,0.9546373880381392,0.9526255707762558,0.9575444635685599,0.9550786838340486,0.04831199068684517,1635.0,83.0,74.0,1669.0,0.03585135706147502,0.991968038460177,0.9921317372824326
gradient_boosting/url_dom/baseline,4941403,validation,742,0.9056603773584906,0.9243697478991597,0.8847184986595175,0.9041095890410958,0.07317073170731707,342.0,27.0,43.0,330.0,0.0739540620988859,0.9542201588235721,0.9604316939110995
gradient_boosting/url_dom/baseline,4941404,train,3461,0.9546373880381392,0.9526255707762558,0.9575444635685599,0.9550786838340486,0.04831199068684517,1635.0,83.0,74.0,1669.0,0.03585135706147502,0.991968038460177,0.9921317372824326
gradient_boosting/url_dom/baseline,4941404,validation,742,0.9056603773584906,0.9243697478991597,0.8847184986595175,0.9041095890410958,0.07317073170731707,342.0,27.0,43.0,330.0,0.07388564964773732,0.9542056278471632,0.9604307034838226
gradient_boosting/url_dom/baseline,4941405,train,3461,0.9546373880381392,0.9526255707762558,0.9575444635685599,0.9550786838340486,0.04831199068684517,1635.0,83.0,74.0,1669.0,0.03585135706147502,0.991968038460177,0.9921317372824326
gradient_boosting/url_dom/baseline,4941405,validation,742,0.9043126684636119,0.9217877094972067,0.8847184986595175,0.9028727770177839,0.07588075880758807,341.0,28.0,43.0,330.0,0.07402874357522533,0.9542201588235721,0.9604641733756394
gradient_boosting/url_only/no_https,4941401,train,3461,0.9052297023981508,0.8976953344575604,0.9162363740676994,0.9068710959681999,0.10593713620488941,1536.0,182.0,146.0,1597.0,0.07633711011986008,0.9589604050661318,0.9572999423032621
gradient_boosting/url_only/no_https,4941401,validation,742,0.8530997304582211,0.8586956521739131,0.8471849865951743,0.8529014844804319,0.14092140921409213,317.0,52.0,57.0,316.0,0.11607398728103697,0.9060063790986436,0.9059597986527592
gradient_boosting/url_only/no_https,4941402,train,3461,0.9052297023981508,0.8976953344575604,0.9162363740676994,0.9068710959681999,0.10593713620488941,1536.0,182.0,146.0,1597.0,0.07633711011986008,0.9589604050661318,0.9572999423032621
gradient_boosting/url_only/no_https,4941402,validation,742,0.8530997304582211,0.8586956521739131,0.8471849865951743,0.8529014844804319,0.14092140921409213,317.0,52.0,57.0,316.0,0.11615094984092234,0.9059918481222345,0.9060100471067825
gradient_boosting/url_only/no_https,4941403,train,3461,0.9052297023981508,0.8976953344575604,0.9162363740676994,0.9068710959681999,0.10593713620488941,1536.0,182.0,146.0,1597.0,0.07633711011986008,0.9589604050661318,0.9572999423032621
gradient_boosting/url_only/no_https,4941403,validation,742,0.8530997304582211,0.8586956521739131,0.8471849865951743,0.8529014844804319,0.14092140921409213,317.0,52.0,57.0,316.0,0.11607398728103697,0.9060063790986436,0.9059597986527592
gradient_boosting/url_only/no_https,4941404,train,3461,0.9052297023981508,0.8976953344575604,0.9162363740676994,0.9068710959681999,0.10593713620488941,1536.0,182.0,146.0,1597.0,0.07633711011986008,0.9589604050661318,0.9572999423032621
gradient_boosting/url_only/no_https,4941404,validation,742,0.8530997304582211,0.8586956521739131,0.8471849865951743,0.8529014844804319,0.14092140921409213,317.0,52.0,57.0,316.0,0.11596037901709717,0.9062897331386183,0.9062359398311829
gradient_boosting/url_only/no_https,4941405,train,3461,0.9052297023981508,0.8976953344575604,0.9162363740676994,0.9068710959681999,0.10593713620488941,1536.0,182.0,146.0,1597.0,0.07633711011986008,0.9589604050661318,0.9572999423032621
gradient_boosting/url_only/no_https,4941405,validation,742,0.8530997304582211,0.8586956521739131,0.8471849865951743,0.8529014844804319,0.14092140921409213,317.0,52.0,57.0,316.0,0.11614655975190842,0.906028175563257,0.9060547178349845
gradient_boosting/url_dom/no_https,4941401,train,3461,0.9517480496966195,0.9482366325369739,0.9563970166379805,0.9522993430448443,0.052968568102444706,1627.0,91.0,76.0,1667.0,0.038242270120722455,0.9905303903122886,0.9907662401429668
gradient_boosting/url_dom/no_https,4941401,validation,742,0.8975741239892183,0.9090909090909091,0.8847184986595175,0.8967391304347826,0.08943089430894309,336.0,33.0,43.0,330.0,0.08060649426177201,0.9482479275194897,0.9527918831935754
gradient_boosting/url_dom/no_https,4941402,train,3461,0.9517480496966195,0.9482366325369739,0.9563970166379805,0.9522993430448443,0.052968568102444706,1627.0,91.0,76.0,1667.0,0.038242270120722455,0.9905303903122886,0.9907662401429668
gradient_boosting/url_dom/no_https,4941402,validation,742,0.8975741239892183,0.9090909090909091,0.8847184986595175,0.8967391304347826,0.08943089430894309,336.0,33.0,43.0,330.0,0.08045071664388284,0.9483423788661479,0.9529115767590874
gradient_boosting/url_dom/no_https,4941403,train,3461,0.9517480496966195,0.9482366325369739,0.9563970166379805,0.9522993430448443,0.052968568102444706,1627.0,91.0,76.0,1667.0,0.038242270120722455,0.9905303903122886,0.9907662401429668
gradient_boosting/url_dom/no_https,4941403,validation,742,0.8975741239892183,0.9090909090909091,0.8847184986595175,0.8967391304347826,0.08943089430894309,336.0,33.0,43.0,330.0,0.08062131351051394,0.9482261310548762,0.9527753161715669
gradient_boosting/url_dom/no_https,4941404,train,3461,0.9517480496966195,0.9482366325369739,0.9563970166379805,0.9522993430448443,0.052968568102444706,1627.0,91.0,76.0,1667.0,0.038242270120722455,0.9905303903122886,0.9907662401429668
gradient_boosting/url_dom/no_https,4941404,validation,742,0.8975741239892183,0.9090909090909091,0.8847184986595175,0.8967391304347826,0.08943089430894309,336.0,33.0,43.0,330.0,0.080611623051768,0.9482333965430807,0.9527838396246
gradient_boosting/url_dom/no_https,4941405,train,3461,0.9517480496966195,0.9482366325369739,0.9563970166379805,0.9522993430448443,0.052968568102444706,1627.0,91.0,76.0,1667.0,0.038242270120722455,0.9905303903122886,0.9907662401429668
gradient_boosting/url_dom/no_https,4941405,validation,742,0.8975741239892183,0.9090909090909091,0.8847184986595175,0.8967391304347826,0.08943089430894309,336.0,33.0,43.0,330.0,0.08064887344855931,0.9482479275194897,0.9528160443161344
gradient_boosting/url_only/hostname_only,4941401,train,3461,0.7110661658480208,0.720736779560309,0.6959265633964429,0.7081144191476941,0.27357392316647267,1248.0,470.0,530.0,1213.0,0.18312286757350116,0.795621200918759,0.8005271513124157
gradient_boosting/url_only/hostname_only,4941401,validation,742,0.7035040431266847,0.7073170731707317,0.6997319034852547,0.7035040431266847,0.2926829268292683,261.0,108.0,112.0,261.0,0.1914225355594788,0.7777450830808577,0.7592848761967861
gradient_boosting/url_only/hostname_only,4941402,train,3461,0.7110661658480208,0.720736779560309,0.6959265633964429,0.7081144191476941,0.27357392316647267,1248.0,470.0,530.0,1213.0,0.18312286757350116,0.795621200918759,0.8005271513124157
gradient_boosting/url_only/hostname_only,4941402,validation,742,0.7035040431266847,0.7073170731707317,0.6997319034852547,0.7035040431266847,0.2926829268292683,261.0,108.0,112.0,261.0,0.1914348432718224,0.7777232866162441,0.7591519021234935
gradient_boosting/url_only/hostname_only,4941403,train,3461,0.7110661658480208,0.720736779560309,0.6959265633964429,0.7081144191476941,0.27357392316647267,1248.0,470.0,530.0,1213.0,0.18312286757350116,0.795621200918759,0.8005271513124157
gradient_boosting/url_only/hostname_only,4941403,validation,742,0.7035040431266847,0.7073170731707317,0.6997319034852547,0.7035040431266847,0.2926829268292683,261.0,108.0,112.0,261.0,0.19145749788541988,0.7777450830808577,0.759287632258613
gradient_boosting/url_only/hostname_only,4941404,train,3461,0.7110661658480208,0.720736779560309,0.6959265633964429,0.7081144191476941,0.27357392316647267,1248.0,470.0,530.0,1213.0,0.18312286757350116,0.795621200918759,0.8005271513124157
gradient_boosting/url_only/hostname_only,4941404,validation,742,0.7035040431266847,0.7073170731707317,0.6997319034852547,0.7035040431266847,0.2926829268292683,261.0,108.0,112.0,261.0,0.19142819141794173,0.7777450830808577,0.7592871418052629
gradient_boosting/url_only/hostname_only,4941405,train,3461,0.7110661658480208,0.720736779560309,0.6959265633964429,0.7081144191476941,0.27357392316647267,1248.0,470.0,530.0,1213.0,0.18312286757350116,0.795621200918759,0.8005271513124157
gradient_boosting/url_only/hostname_only,4941405,validation,742,0.7035040431266847,0.7073170731707317,0.6997319034852547,0.7035040431266847,0.2926829268292683,261.0,108.0,112.0,261.0,0.1913181281495799,0.7780865610264682,0.7601586699154154
gradient_boosting/url_dom/hostname_only,4941401,train,3461,0.9254550707887894,0.9155008393956351,0.9386115892139989,0.9269121813031161,0.08789289871944121,1567.0,151.0,107.0,1636.0,0.05984365163296775,0.9776376418696573,0.9789272289043258
gradient_boosting/url_dom/hostname_only,4941401,validation,742,0.8706199460916442,0.8693333333333333,0.8739946380697051,0.8716577540106952,0.13279132791327913,320.0,49.0,47.0,326.0,0.09275055609124026,0.9444335462121377,0.9535493244174147
gradient_boosting/url_dom/hostname_only,4941402,train,3461,0.9254550707887894,0.9155008393956351,0.9386115892139989,0.9269121813031161,0.08789289871944121,1567.0,151.0,107.0,1636.0,0.05984365163296775,0.9776376418696573,0.9789272289043258
gradient_boosting/url_dom/hostname_only,4941402,validation,742,0.8706199460916442,0.8693333333333333,0.8739946380697051,0.8716577540106952,0.13279132791327913,320.0,49.0,47.0,326.0,0.09267343801637962,0.9446151834172497,0.9537884346622263
gradient_boosting/url_dom/hostname_only,4941403,train,3461,0.9254550707887894,0.9155008393956351,0.9386115892139989,0.9269121813031161,0.08789289871944121,1567.0,151.0,107.0,1636.0,0.05984365163296775,0.9776376418696573,0.9789272289043258
gradient_boosting/url_dom/hostname_only,4941403,validation,742,0.8706199460916442,0.8693333333333333,0.8739946380697051,0.8716577540106952,0.13279132791327913,320.0,49.0,47.0,326.0,0.09280510677661695,0.9444117497475243,0.9535290760968138
gradient_boosting/url_dom/hostname_only,4941404,train,3461,0.9254550707887894,0.9155008393956351,0.9386115892139989,0.9269121813031161,0.08789289871944121,1567.0,151.0,107.0,1636.0,0.05984365163296775,0.9776376418696573,0.9789272289043258
gradient_boosting/url_dom/hostname_only,4941404,validation,742,0.8733153638814016,0.870026525198939,0.8793565683646113,0.8746666666666667,0.13279132791327913,320.0,49.0,45.0,328.0,0.09241766032405947,0.944709634763908,0.9537720650318366
gradient_boosting/url_dom/hostname_only,4941405,train,3461,0.9254550707887894,0.9155008393956351,0.9386115892139989,0.9269121813031161,0.08789289871944121,1567.0,151.0,107.0,1636.0,0.05984365163296775,0.9776376418696573,0.9789272289043258
gradient_boosting/url_dom/hostname_only,4941405,validation,742,0.871967654986523,0.8696808510638298,0.8766756032171582,0.8731642189586115,0.13279132791327913,320.0,49.0,46.0,327.0,0.09215601623005609,0.9449421303864514,0.9538974528157359
