feature_set,model,true_label,stratum,value,rows,errors,error_rate
baseline,decision_tree,0,uses_https,False,192,44,0.22916666666666666
baseline,decision_tree,0,uses_https,True,108,1,0.009259259259259259
baseline,decision_tree,1,uses_https,False,294,32,0.10884353741496598
baseline,decision_tree,1,uses_https,True,6,2,0.3333333333333333
baseline,logistic_regression,0,uses_https,False,192,39,0.203125
baseline,logistic_regression,0,uses_https,True,108,1,0.009259259259259259
baseline,logistic_regression,1,uses_https,False,294,31,0.1054421768707483
baseline,logistic_regression,1,uses_https,True,6,5,0.8333333333333334
compact16,decision_tree,0,uses_https,False,192,39,0.203125
compact16,decision_tree,0,uses_https,True,108,16,0.14814814814814814
compact16,decision_tree,1,uses_https,False,294,42,0.14285714285714285
compact16,decision_tree,1,uses_https,True,6,1,0.16666666666666666
compact16,logistic_regression,0,uses_https,False,192,37,0.19270833333333334
compact16,logistic_regression,0,uses_https,True,108,17,0.1574074074074074
compact16,logistic_regression,1,uses_https,False,294,36,0.12244897959183673
compact16,logistic_regression,1,uses_https,True,6,1,0.16666666666666666
expanded21,decision_tree,0,uses_https,False,192,46,0.23958333333333334
expanded21,decision_tree,0,uses_https,True,108,1,0.009259259259259259
expanded21,decision_tree,1,uses_https,False,294,30,0.10204081632653061
expanded21,decision_tree,1,uses_https,True,6,2,0.3333333333333333
expanded21,logistic_regression,0,uses_https,False,192,42,0.21875
expanded21,logistic_regression,0,uses_https,True,108,1,0.009259259259259259
expanded21,logistic_regression,1,uses_https,False,294,29,0.09863945578231292
expanded21,logistic_regression,1,uses_https,True,6,5,0.8333333333333334
hostname_only,decision_tree,0,uses_https,False,192,53,0.2760416666666667
hostname_only,decision_tree,0,uses_https,True,108,24,0.2222222222222222
hostname_only,decision_tree,1,uses_https,False,294,87,0.29591836734693877
hostname_only,decision_tree,1,uses_https,True,6,2,0.3333333333333333
hostname_only,logistic_regression,0,uses_https,False,192,58,0.3020833333333333
hostname_only,logistic_regression,0,uses_https,True,108,24,0.2222222222222222
hostname_only,logistic_regression,1,uses_https,False,294,83,0.282312925170068
hostname_only,logistic_regression,1,uses_https,True,6,2,0.3333333333333333
https_only,decision_tree,0,uses_https,False,192,192,1.0
https_only,decision_tree,0,uses_https,True,108,0,0.0
https_only,decision_tree,1,uses_https,False,294,0,0.0
https_only,decision_tree,1,uses_https,True,6,6,1.0
https_only,logistic_regression,0,uses_https,False,192,192,1.0
https_only,logistic_regression,0,uses_https,True,108,0,0.0
https_only,logistic_regression,1,uses_https,False,294,0,0.0
https_only,logistic_regression,1,uses_https,True,6,6,1.0
no_https,decision_tree,0,uses_https,False,192,38,0.19791666666666666
no_https,decision_tree,0,uses_https,True,108,23,0.21296296296296297
no_https,decision_tree,1,uses_https,False,294,41,0.13945578231292516
no_https,decision_tree,1,uses_https,True,6,1,0.16666666666666666
no_https,logistic_regression,0,uses_https,False,192,34,0.17708333333333334
no_https,logistic_regression,0,uses_https,True,108,11,0.10185185185185185
no_https,logistic_regression,1,uses_https,False,294,37,0.12585034013605442
no_https,logistic_regression,1,uses_https,True,6,2,0.3333333333333333
structure_only,decision_tree,0,uses_https,False,192,181,0.9427083333333334
structure_only,decision_tree,0,uses_https,True,108,0,0.0
structure_only,decision_tree,1,uses_https,False,294,6,0.02040816326530612
structure_only,decision_tree,1,uses_https,True,6,6,1.0
structure_only,logistic_regression,0,uses_https,False,192,185,0.9635416666666666
structure_only,logistic_regression,0,uses_https,True,108,0,0.0
structure_only,logistic_regression,1,uses_https,False,294,6,0.02040816326530612
structure_only,logistic_regression,1,uses_https,True,6,6,1.0
baseline,decision_tree,0,has_query,False,290,40,0.13793103448275862
baseline,decision_tree,0,has_query,True,10,5,0.5
baseline,decision_tree,1,has_query,False,228,32,0.14035087719298245
baseline,decision_tree,1,has_query,True,72,2,0.027777777777777776
baseline,logistic_regression,0,has_query,False,290,35,0.1206896551724138
baseline,logistic_regression,0,has_query,True,10,5,0.5
baseline,logistic_regression,1,has_query,False,228,32,0.14035087719298245
baseline,logistic_regression,1,has_query,True,72,4,0.05555555555555555
compact16,decision_tree,0,has_query,False,290,50,0.1724137931034483
compact16,decision_tree,0,has_query,True,10,5,0.5
compact16,decision_tree,1,has_query,False,228,36,0.15789473684210525
compact16,decision_tree,1,has_query,True,72,7,0.09722222222222222
compact16,logistic_regression,0,has_query,False,290,48,0.16551724137931034
compact16,logistic_regression,0,has_query,True,10,6,0.6
compact16,logistic_regression,1,has_query,False,228,33,0.14473684210526316
compact16,logistic_regression,1,has_query,True,72,4,0.05555555555555555
expanded21,decision_tree,0,has_query,False,290,42,0.14482758620689656
expanded21,decision_tree,0,has_query,True,10,5,0.5
expanded21,decision_tree,1,has_query,False,228,29,0.12719298245614036
expanded21,decision_tree,1,has_query,True,72,3,0.041666666666666664
expanded21,logistic_regression,0,has_query,False,290,38,0.1310344827586207
expanded21,logistic_regression,0,has_query,True,10,5,0.5
expanded21,logistic_regression,1,has_query,False,228,31,0.13596491228070176
expanded21,logistic_regression,1,has_query,True,72,3,0.041666666666666664
hostname_only,decision_tree,0,has_query,False,290,74,0.25517241379310346
hostname_only,decision_tree,0,has_query,True,10,3,0.3
hostname_only,decision_tree,1,has_query,False,228,61,0.2675438596491228
hostname_only,decision_tree,1,has_query,True,72,28,0.3888888888888889
hostname_only,logistic_regression,0,has_query,False,290,79,0.27241379310344827
hostname_only,logistic_regression,0,has_query,True,10,3,0.3
hostname_only,logistic_regression,1,has_query,False,228,57,0.25
hostname_only,logistic_regression,1,has_query,True,72,28,0.3888888888888889
https_only,decision_tree,0,has_query,False,290,184,0.6344827586206897
https_only,decision_tree,0,has_query,True,10,8,0.8
https_only,decision_tree,1,has_query,False,228,6,0.02631578947368421
https_only,decision_tree,1,has_query,True,72,0,0.0
https_only,logistic_regression,0,has_query,False,290,184,0.6344827586206897
https_only,logistic_regression,0,has_query,True,10,8,0.8
https_only,logistic_regression,1,has_query,False,228,6,0.02631578947368421
https_only,logistic_regression,1,has_query,True,72,0,0.0
no_https,decision_tree,0,has_query,False,290,54,0.18620689655172415
no_https,decision_tree,0,has_query,True,10,7,0.7
no_https,decision_tree,1,has_query,False,228,38,0.16666666666666666
no_https,decision_tree,1,has_query,True,72,4,0.05555555555555555
no_https,logistic_regression,0,has_query,False,290,43,0.1482758620689655
no_https,logistic_regression,0,has_query,True,10,2,0.2
no_https,logistic_regression,1,has_query,False,228,35,0.15350877192982457
no_https,logistic_regression,1,has_query,True,72,4,0.05555555555555555
structure_only,decision_tree,0,has_query,False,290,173,0.596551724137931
structure_only,decision_tree,0,has_query,True,10,8,0.8
structure_only,decision_tree,1,has_query,False,228,12,0.05263157894736842
structure_only,decision_tree,1,has_query,True,72,0,0.0
structure_only,logistic_regression,0,has_query,False,290,177,0.6103448275862069
structure_only,logistic_regression,0,has_query,True,10,8,0.8
structure_only,logistic_regression,1,has_query,False,228,12,0.05263157894736842
structure_only,logistic_regression,1,has_query,True,72,0,0.0
baseline,decision_tree,0,inner_page,False,15,0,0.0
baseline,decision_tree,0,inner_page,True,285,45,0.15789473684210525
baseline,decision_tree,1,inner_page,False,6,5,0.8333333333333334
baseline,decision_tree,1,inner_page,True,294,29,0.09863945578231292
baseline,logistic_regression,0,inner_page,False,15,6,0.4
baseline,logistic_regression,0,inner_page,True,285,34,0.11929824561403508
baseline,logistic_regression,1,inner_page,False,6,4,0.6666666666666666
baseline,logistic_regression,1,inner_page,True,294,32,0.10884353741496598
compact16,decision_tree,0,inner_page,False,15,1,0.06666666666666667
compact16,decision_tree,0,inner_page,True,285,54,0.18947368421052632
compact16,decision_tree,1,inner_page,False,6,4,0.6666666666666666
compact16,decision_tree,1,inner_page,True,294,39,0.1326530612244898
compact16,logistic_regression,0,inner_page,False,15,6,0.4
compact16,logistic_regression,0,inner_page,True,285,48,0.16842105263157894
compact16,logistic_regression,1,inner_page,False,6,4,0.6666666666666666
compact16,logistic_regression,1,inner_page,True,294,33,0.11224489795918367
expanded21,decision_tree,0,inner_page,False,15,0,0.0
expanded21,decision_tree,0,inner_page,True,285,47,0.1649122807017544
expanded21,decision_tree,1,inner_page,False,6,5,0.8333333333333334
expanded21,decision_tree,1,inner_page,True,294,27,0.09183673469387756
expanded21,logistic_regression,0,inner_page,False,15,7,0.4666666666666667
expanded21,logistic_regression,0,inner_page,True,285,36,0.12631578947368421
expanded21,logistic_regression,1,inner_page,False,6,4,0.6666666666666666
expanded21,logistic_regression,1,inner_page,True,294,30,0.10204081632653061
hostname_only,decision_tree,0,inner_page,False,15,6,0.4
hostname_only,decision_tree,0,inner_page,True,285,71,0.24912280701754386
hostname_only,decision_tree,1,inner_page,False,6,2,0.3333333333333333
hostname_only,decision_tree,1,inner_page,True,294,87,0.29591836734693877
hostname_only,logistic_regression,0,inner_page,False,15,7,0.4666666666666667
hostname_only,logistic_regression,0,inner_page,True,285,75,0.2631578947368421
hostname_only,logistic_regression,1,inner_page,False,6,3,0.5
hostname_only,logistic_regression,1,inner_page,True,294,82,0.2789115646258503
https_only,decision_tree,0,inner_page,False,15,12,0.8
https_only,decision_tree,0,inner_page,True,285,180,0.631578947368421
https_only,decision_tree,1,inner_page,False,6,0,0.0
https_only,decision_tree,1,inner_page,True,294,6,0.02040816326530612
https_only,logistic_regression,0,inner_page,False,15,12,0.8
https_only,logistic_regression,0,inner_page,True,285,180,0.631578947368421
https_only,logistic_regression,1,inner_page,False,6,0,0.0
https_only,logistic_regression,1,inner_page,True,294,6,0.02040816326530612
no_https,decision_tree,0,inner_page,False,15,0,0.0
no_https,decision_tree,0,inner_page,True,285,61,0.21403508771929824
no_https,decision_tree,1,inner_page,False,6,6,1.0
no_https,decision_tree,1,inner_page,True,294,36,0.12244897959183673
no_https,logistic_regression,0,inner_page,False,15,6,0.4
no_https,logistic_regression,0,inner_page,True,285,39,0.1368421052631579
no_https,logistic_regression,1,inner_page,False,6,4,0.6666666666666666
no_https,logistic_regression,1,inner_page,True,294,35,0.11904761904761904
structure_only,decision_tree,0,inner_page,False,15,1,0.06666666666666667
structure_only,decision_tree,0,inner_page,True,285,180,0.631578947368421
structure_only,decision_tree,1,inner_page,False,6,6,1.0
structure_only,decision_tree,1,inner_page,True,294,6,0.02040816326530612
structure_only,logistic_regression,0,inner_page,False,15,12,0.8
structure_only,logistic_regression,0,inner_page,True,285,173,0.6070175438596491
structure_only,logistic_regression,1,inner_page,False,6,0,0.0
structure_only,logistic_regression,1,inner_page,True,294,12,0.04081632653061224
