feature_set,model,mean,std,min,max
baseline,decision_tree,0.834818032050322,0.0016679594841079684,0.8336079077429983,0.8369028006589786
baseline,logistic_regression,0.8627450980392158,0.0,0.8627450980392157,0.8627450980392157
compact16,decision_tree,0.8323364566312229,0.001567753518295544,0.8311258278145696,0.834983498349835
compact16,logistic_regression,0.8377483443708609,0.0,0.8377483443708609,0.8377483443708609
expanded21,decision_tree,0.8392195732977521,0.0016182197867438187,0.8363636363636363,0.8401976935749588
expanded21,logistic_regression,0.8885298869143782,0.0,0.8885298869143781,0.8885298869143781
hostname_only,decision_tree,0.6978998384491115,0.0,0.6978998384491115,0.6978998384491115
hostname_only,logistic_regression,0.7030497592295345,0.0,0.7030497592295345,0.7030497592295345
https_only,decision_tree,0.7401774397972116,0.0,0.7401774397972116,0.7401774397972116
https_only,logistic_regression,0.7401774397972116,0.0,0.7401774397972116,0.7401774397972116
no_https,decision_tree,0.8324731182795698,0.0023758500905366603,0.8290322580645161,0.8341384863123994
no_https,logistic_regression,0.8467874794069192,0.0,0.8467874794069192,0.8467874794069192
structure_only,decision_tree,0.7545219638242894,0.0,0.7545219638242894,0.7545219638242894
structure_only,logistic_regression,0.7387387387387387,0.0,0.7387387387387387,0.7387387387387387
